Song name,Performer name,Album name,Song share URL
The weight,The band,House of the big pink,
The weight,The band,House of the big pink,
The weight,The band,House of the big pink,
The weight,The band,House of the big pink,
The weight,The band,House of the big pink,
The weight,The band,House of the big pink,
Gimme Shelter,The Rolling Stones,Let it bleed,
Gimme Shelter,The Rolling Stones,Let it bleed,
Gimme Shelter,The Rolling Stones,Let it bleed,
Gimme Shelter,The Rolling Stones,Let it bleed,
Wish you were here,Pink Floyd,Wish you were here,
Wish you were here,Pink Floyd,Wish you were here,
Wish you were here,Pink Floyd,Wish you were here,
Wish you were here,Pink Floyd,Wish you were here,
